Group,PO Number,Supplier,Location,Expected pickup date,Expected Delivery date,Buyer Code,FOB code,Line_number,Item_ID,Supplier UOM,Quantity,Shipping Agent Code,Shipping Agent Name,Tracking Number,Closed for Finance Indicator,Supplier Acknowledgement,Import Type,EDI 850 or Email Exempt,Cancellation Reason
1,,B000164,TLA1,12/25/2025,,,,,109780,EA,120,,,,,,Lines,,
1,,B000164,TLA1,12/25/2025,,,,,109789,EA,140,,,,,,Lines,,
1,,B000164,TLA1,12/25/2025,,,,,331433,EA,145,,,,,,Lines,,
1,,B000164,TLA1,12/25/2025,,,,,88788,EA,130,,,,,,Lines,,
1,,B000164,TLA1,12/25/2025,,,,,88786,EA,261,,,,,,Lines,,
1,,B000164,TLA1,12/25/2025,,,,,88795,EA,327,,,,,,Lines,,
1,,B000164,TLA1,12/25/2025,,,,,109783,EA,221,,,,,,Lines,,
1,,B000164,TLA1,12/25/2025,,,,,109784,EA,5,,,,,,Lines,,
2,,B000164,TNY1,12/25/2025,,,,,109780,EA,80,,,,,,Lines,,
2,,B000164,TNY1,12/25/2025,,,,,109789,EA,80,,,,,,Lines,,
2,,B000164,TNY1,12/25/2025,,,,,88786,EA,100,,,,,,Lines,,
2,,B000164,TNY1,12/25/2025,,,,,331433,EA,80,,,,,,Lines,,
2,,B000164,TNY1,12/25/2025,,,,,88795,EA,100,,,,,,Lines,,
2,,B000164,TNY1,12/25/2025,,,,,88788,EA,80,,,,,,Lines,,
2,,B000164,TNY1,12/25/2025,,,,,109783,EA,100,,,,,,Lines,,
2,,B000164,TNY1,12/25/2025,,,,,109784,EA,230,,,,,,Lines,,
3,,B000164,MDT1,12/25/2025,,,,,331433,EA,61,,,,,,Lines,,
3,,B000164,MDT1,12/25/2025,,,,,109780,EA,90,,,,,,Lines,,
3,,B000164,MDT1,12/25/2025,,,,,109789,EA,68,,,,,,Lines,,
3,,B000164,MDT1,12/25/2025,,,,,88786,EA,131,,,,,,Lines,,
3,,B000164,MDT1,12/25/2025,,,,,88795,EA,96,,,,,,Lines,,
3,,B000164,MDT1,12/25/2025,,,,,88788,EA,84,,,,,,Lines,,
3,,B000164,MDT1,12/25/2025,,,,,109783,EA,104,,,,,,Lines,,
3,,B000164,MDT1,12/25/2025,,,,,109784,EA,343,,,,,,,,
