Group,PO Number,Supplier,Location,Expected pickup date,Expected Delivery date,Buyer Code,FOB code,Line_number,Item_ID,Supplier UOM,Quantity,Shipping Agent Code,Shipping Agent Name,Tracking Number,Closed for Finance Indicator,Supplier Acknowledgement,Import Type,EDI 850 or Email Exempt,Cancellation Reason
1,,P000750,TLA1,1/3/2026,,,,,166516,EA,1152,,,,,,Lines,,
1,,P000750,TLA1,1/3/2026,,,,,323215,EA,265,,,,,,Lines,,
2,,P000750,TNY1,1/3/2026,,,,,166516,EA,1152,,,,,,Lines,,
2,,P000750,TNY1,1/3/2026,,,,,323215,EA,326,,,,,,Lines,,
