Group,PO Number,Supplier,Location,Expected pickup date,Expected Delivery date,Buyer Code,FOB code,Line_number,Item_ID,Supplier UOM,Quantity,Shipping Agent Code,Shipping Agent Name,Tracking Number,Closed for Finance Indicator,Supplier Acknowledgement,Import Type,EDI 850 or Email Exempt,Cancellation Reason
1,,P27093,TLA1,1/23/2026,,,,,308868,EA,3800,,,,,,Lines,,
2,,P27093,TLA1,1/23/2026,,,,,308868,EA,3800,,,,,,Lines,,
3,,P27093,TLA1,1/23/2026,,,,,347219,EA,3324,,,,,,Lines,,
3,,P27093,TLA1,1/23/2026,,,,,265622,EA,1064,,,,,,Lines,,
4,,P27093,TLA1,1/23/2026,,,,,174800,EA,7080,,,,,,Lines,,
5,,P27093,TLA1,1/23/2026,,,,,174800,EA,3504,,,,,,Lines,,
5,,P27093,TLA1,1/23/2026,,,,,317729,EA,1196,,,,,,Lines,,
6,,P27093,TLA1,1/23/2026,,,,,308868,EA,848,,,,,,Lines,,
6,,P27093,TLA1,1/23/2026,,,,,166518,EA,2880,,,,,,Lines,,
6,,P27093,TLA1,1/23/2026,,,,,347213,EA,960,,,,,,Lines,,
6,,P27093,TLA1,1/23/2026,,,,,347217,EA,666,,,,,,Lines,,
6,,P27093,TLA1,1/23/2026,,,,,308872,EA,700,,,,,,Lines,,
7,,P27093,TNY1,1/23/2026,,,,,308868,EA,3800,,,,,,Lines,,
8,,P27093,TNY1,1/23/2026,,,,,308868,EA,3800,,,,,,Lines,,
9,,P27093,TNY1,1/23/2026,,,,,347213,EA,1124,,,,,,Lines,,
9,,P27093,TNY1,1/23/2026,,,,,308868,EA,1976,,,,,,Lines,,
9,,P27093,TNY1,1/23/2026,,,,,308872,EA,800,,,,,,Lines,,
10,,P27093,TNY1,1/23/2026,,,,,347219,EA,3792,,,,,,Lines,,
11,,P27093,TNY1,1/23/2026,,,,,265622,EA,1072,,,,,,Lines,,
11,,P27093,TNY1,1/23/2026,,,,,166518,EA,3136,,,,,,Lines,,
11,,P27093,TNY1,1/23/2026,,,,,347217,EA,837,,,,,,Lines,,
12,,P27093,TNY1,1/23/2026,,,,,174800,EA,7080,,,,,,Lines,,
13,,P27093,TNY1,1/23/2026,,,,,174800,EA,3468,,,,,,Lines,,
13,,P27093,TNY1,1/23/2026,,,,,317729,EA,804,,,,,,Lines,,
