Group,PO Number,Supplier,Location,Expected pickup date,Expected Delivery date,Buyer Code,FOB code,Line_number,Item_ID,Supplier UOM,Quantity,Shipping Agent Code,Shipping Agent Name,Tracking Number,Closed for Finance Indicator,Supplier Acknowledgement,Import Type,EDI 850 or Email Exempt,Cancellation Reason
1,,P26369,AVP1,,,,,,114124,CS,55,,,,,,Lines,,
2,,P26369,AVP2,,,,,,114124,CS,32,,,,,,Lines,,
2,,P26369,AVP2,,,,,,241533,CS,39,,,,,,Lines,,
3,,P26369,BNA1,,,,,,114124,CS,32,,,,,,Lines,,
3,,P26369,BNA1,,,,,,125858,CS,32,,,,,,Lines,,
3,,P26369,BNA1,,,,,,241533,CS,32,,,,,,Lines,,
4,,P26369,CFC1,,,,,,114124,CS,32,,,,,,Lines,,
4,,P26369,CFC1,,,,,,125858,CS,32,,,,,,Lines,,
4,,P26369,CFC1,,,,,,241529,CS,32,,,,,,Lines,,
4,,P26369,CFC1,,,,,,241533,CS,32,,,,,,Lines,,
5,,P26369,CLT1,,,,,,114124,CS,32,,,,,,Lines,,
5,,P26369,CLT1,,,,,,125858,CS,32,,,,,,Lines,,
5,,P26369,CLT1,,,,,,241529,CS,32,,,,,,Lines,,
5,,P26369,CLT1,,,,,,241533,CS,32,,,,,,Lines,,
6,,P26369,DAY1,,,,,,114124,CS,32,,,,,,Lines,,
6,,P26369,DAY1,,,,,,125858,CS,47,,,,,,Lines,,
6,,P26369,DAY1,,,,,,241529,CS,62,,,,,,Lines,,
6,,P26369,DAY1,,,,,,241533,CS,32,,,,,,Lines,,
7,,P26369,HOU1,,,,,,114124,CS,32,,,,,,Lines,,
7,,P26369,HOU1,,,,,,125858,CS,32,,,,,,Lines,,
7,,P26369,HOU1,,,,,,241529,CS,32,,,,,,Lines,,
8,,P26369,MCI1,,,,,,114124,CS,32,,,,,,Lines,,
8,,P26369,MCI1,,,,,,125858,CS,32,,,,,,Lines,,
8,,P26369,MCI1,,,,,,241529,CS,32,,,,,,Lines,,
8,,P26369,MCI1,,,,,,241533,CS,32,,,,,,Lines,,
9,,P26369,MCO1,,,,,,114124,CS,32,,,,,,Lines,,
9,,P26369,MCO1,,,,,,125858,CS,32,,,,,,Lines,,
9,,P26369,MCO1,,,,,,241529,CS,32,,,,,,Lines,,
9,,P26369,MCO1,,,,,,241533,CS,32,,,,,,Lines,,
10,,P26369,MDT1,,,,,,114124,CS,32,,,,,,Lines,,
10,,P26369,MDT1,,,,,,125858,CS,32,,,,,,Lines,,
10,,P26369,MDT1,,,,,,241529,CS,32,,,,,,Lines,,
11,,P26369,PHX1,,,,,,114124,CS,32,,,,,,Lines,,
11,,P26369,PHX1,,,,,,125858,CS,32,,,,,,Lines,,
11,,P26369,PHX1,,,,,,241529,CS,32,,,,,,Lines,,
11,,P26369,PHX1,,,,,,241533,CS,32,,,,,,Lines,,
12,,P26369,RNO1,,,,,,114124,CS,32,,,,,,Lines,,
12,,P26369,RNO1,,,,,,125858,CS,32,,,,,,Lines,,
12,,P26369,RNO1,,,,,,241529,CS,32,,,,,,Lines,,
12,,P26369,RNO1,,,,,,241533,CS,32,,,,,,Lines,,
